Feature,Importance
thalach,0.12753164685921703
cp,0.12463941851515081
ca,0.1177522789238354
thal,0.11487572735410613
oldpeak,0.10061859128116854
age,0.0893594418626955
chol,0.08119299073235409
trestbps,0.07048035119195988
exang,0.062351812609778866
slope,0.047018311560459936
sex,0.033214819109215324
restecg,0.01980951729829516
fbs,0.011155092701763356
